<?xml version="1.0" encoding="UTF-8"?>
<beans xmlns="http://www.springframework.org/schema/beans"
       xmlns:xsi="http://www.w3.org/2001/XMLSchema-instance"
       xmlns:aop="http://www.springframework.org/schema/aop"
       xmlns:context="http://www.springframework.org/schema/context"
       xmlns:tx="http://www.springframework.org/schema/tx"
       xmlns:jdbc="http://www.springframework.org/schema/jdbc"
       xmlns:mvc="http://www.springframework.org/schema/mvc"
        
       xsi:schemaLocation="http://www.springframework.org/schema/beans http://www.springframework.org/schema/beans/spring-beans-4.3.xsd
          http://www.springframework.org/schema/aop http://www.springframework.org/schema/aop/spring-aop-4.3.xsd
          http://www.springframework.org/schema/context http://www.springframework.org/schema/context/spring-context-4.3.xsd
          http://www.springframework.org/schema/tx http://www.springframework.org/schema/tx/spring-tx-4.3.xsd
          http://www.springframework.org/schema/jdbc http://www.springframework.org/schema/jdbc/spring-jdbc.xsd
          http://www.springframework.org/schema/mvc http://www.springframework.org/schema/mvc/spring-mvc.xsd">
          
    
    <context:component-scan base-package="com.web.mvc.controller"/>
    <context:component-scan base-package="com.web.mvc.service"/>
    <context:component-scan base-package="com.web.mvc.repository"/>
    <context:component-scan base-package="com.web.mvc.validator"/>
    
    <bean id="messageSource" class="org.springframework.context.support.ReloadableResourceBundleMessageSource">
        <property name="basename" value="/WEB-INF/resource/errorMessages" />
    </bean>
    
    <!-- 自定converter與formatter -->
    <bean id="conversionService" 
          class="org.springframework.format.support.FormattingConversionServiceFactoryBean">
        <property name="formatters">
            <set> <!-- 透過@註釋配置 --></set>
        </property>
    </bean>
    <mvc:annotation-driven conversion-service="conversionService" />

    
    <bean class="org.springframework.web.servlet.view.InternalResourceViewResolver"
          id="internalResourceViewResolver">
        <property name="prefix" value="/WEB-INF/jsp/" />
        <property name="suffix" value=".jsp" />
    </bean>
    
    <bean id="dataSource" class="com.mchange.v2.c3p0.ComboPooledDataSource">
        <property name="driverClass" value="org.apache.derby.jdbc.ClientDriver" />
        <property name="jdbcUrl" value="jdbc:derby://localhost:1527/sample" />
        <property name="user" value="app" />
        <property name="password" value="app" />
        <property name="initialPoolSize" value="10" />
    </bean>

    <bean id="jdbcTemplate" class="org.springframework.jdbc.core.JdbcTemplate">
        <property name="dataSource" ref="dataSource" />
    </bean>
    
</beans>
